USE controlescolar;
SET NAMES 'utf8' COLLATE 'utf8_spanish_ci';

INSERT INTO estado VALUES(1,'Aguascalientes');
INSERT INTO estado VALUES(2,'Baja California');
INSERT INTO estado VALUES(3,'Baja California Sur');
INSERT INTO estado VALUES(4,'Campeche');
INSERT INTO estado VALUES(5,'Coahuila');
INSERT INTO estado VALUES(6,'Colima');
INSERT INTO estado VALUES(7,'Chiapas');
INSERT INTO estado VALUES(8,'Chihuahua');
INSERT INTO estado VALUES(9,'Ciudad de México'); 
INSERT INTO estado VALUES(10,'Durango');
INSERT INTO estado VALUES(11,'Guanajuato');
INSERT INTO estado VALUES(12,'Guerrero');
INSERT INTO estado VALUES(13,'Hidalgo');
INSERT INTO estado VALUES(14,'Jalisco');
INSERT INTO estado VALUES(15,'México');
INSERT INTO estado VALUES(16,'Michoacán');
INSERT INTO estado VALUES(17,'Morelos');
INSERT INTO estado VALUES(18,'Nayarit');
INSERT INTO estado VALUES(19,'Nuevo León');
INSERT INTO estado VALUES(20,'Oaxaca');
INSERT INTO estado VALUES(21,'Puebla');
INSERT INTO estado VALUES(22,'Querétaro');
INSERT INTO estado VALUES(23,'Quintana Roo');
INSERT INTO estado VALUES(24,'San Luis Potosí');
INSERT INTO estado VALUES(25,'Sinaloa');
INSERT INTO estado VALUES(26,'Sonora');
INSERT INTO estado VALUES(27,'Tabasco');
INSERT INTO estado VALUES(28,'Tamaulipas');
INSERT INTO estado VALUES(29,'Tlaxcala');
INSERT INTO estado VALUES(30,'Veracruz');
INSERT INTO estado VALUES(31,'Yucatán');
INSERT INTO estado VALUES(32,'Zacatecas');

INSERT INTO municipio VALUES(1001,'Aguascalientes');
INSERT INTO municipio VALUES(1002,'Asientos');
INSERT INTO municipio VALUES(1003,'Calvillo');
INSERT INTO municipio VALUES(1004,'Cosío');
INSERT INTO municipio VALUES(1005,'Jesús María');
INSERT INTO municipio VALUES(1006,'Pabellón de Arteaga');
INSERT INTO municipio VALUES(1007,'Rincón de Romos');
INSERT INTO municipio VALUES(1008,'San José de Gracia');
INSERT INTO municipio VALUES(1009,'Tepezalá');
INSERT INTO municipio VALUES(1010,'El Llano');
INSERT INTO municipio VALUES(1011,'San Francisco de los Romo');
INSERT INTO municipio VALUES(2001,'Ensenada');
INSERT INTO municipio VALUES(2002,'Mexicali');
INSERT INTO municipio VALUES(2003,'Tecate');
INSERT INTO municipio VALUES(2004,'Tijuana');
INSERT INTO municipio VALUES(2005,'Playas de Rosarito');
INSERT INTO municipio VALUES(3001,'Comondú');
INSERT INTO municipio VALUES(3002,'Mulegé');
INSERT INTO municipio VALUES(3003,'La Paz');
INSERT INTO municipio VALUES(3008,'Los Cabos');
INSERT INTO municipio VALUES(3009,'Loreto');
INSERT INTO municipio VALUES(4001,'Calkiní');
INSERT INTO municipio VALUES(4002,'Campeche');
INSERT INTO municipio VALUES(4003,'Carmen');
INSERT INTO municipio VALUES(4004,'Champotón');
INSERT INTO municipio VALUES(4005,'Hecelchakán');
INSERT INTO municipio VALUES(4006,'Hopelchén');
INSERT INTO municipio VALUES(4007,'Palizada');
INSERT INTO municipio VALUES(4008,'Tenabo');
INSERT INTO municipio VALUES(4009,'Escárcega');
INSERT INTO municipio VALUES(4010,'Calakmul');
INSERT INTO municipio VALUES(4011,'Candelaria');
INSERT INTO municipio VALUES(5001,'Abasolo');
INSERT INTO municipio VALUES(5002,'Acuña');
INSERT INTO municipio VALUES(5003,'Allende');
INSERT INTO municipio VALUES(5004,'Arteaga');
INSERT INTO municipio VALUES(5005,'Candela');
INSERT INTO municipio VALUES(5006,'Castaños');
INSERT INTO municipio VALUES(5007,'Cuatro Ciénegas');
INSERT INTO municipio VALUES(5008,'Escobedo');
INSERT INTO municipio VALUES(5009,'Francisco I. Madero');
INSERT INTO municipio VALUES(5010,'Frontera');
INSERT INTO municipio VALUES(5011,'General Cepeda');
INSERT INTO municipio VALUES(5012,'Guerrero');
INSERT INTO municipio VALUES(5013,'Hidalgo');
INSERT INTO municipio VALUES(5014,'Jiménez');
INSERT INTO municipio VALUES(5015,'Juárez');
INSERT INTO municipio VALUES(5016,'Lamadrid');
INSERT INTO municipio VALUES(5017,'Matamoros');
INSERT INTO municipio VALUES(5018,'Monclova');
INSERT INTO municipio VALUES(5019,'Morelos');
INSERT INTO municipio VALUES(5020,'Múzquiz');
INSERT INTO municipio VALUES(5021,'Nadadores');
INSERT INTO municipio VALUES(5022,'Nava');
INSERT INTO municipio VALUES(5023,'Ocampo');
INSERT INTO municipio VALUES(5024,'Parras');
INSERT INTO municipio VALUES(5025,'Piedras Negras');
INSERT INTO municipio VALUES(5026,'Progreso');
INSERT INTO municipio VALUES(5027,'Ramos Arizpe');
INSERT INTO municipio VALUES(5028,'Sabinas');
INSERT INTO municipio VALUES(5029,'Sacramento');
INSERT INTO municipio VALUES(5030,'Saltillo');
INSERT INTO municipio VALUES(5031,'San Buenaventura');
INSERT INTO municipio VALUES(5032,'San Juan de Sabinas');
INSERT INTO municipio VALUES(5033,'San Pedro');
INSERT INTO municipio VALUES(5034,'Sierra Mojada');
INSERT INTO municipio VALUES(5035,'Torreón');
INSERT INTO municipio VALUES(5036,'Viesca');
INSERT INTO municipio VALUES(5037,'Villa Unión');
INSERT INTO municipio VALUES(5038,'Zaragoza');
INSERT INTO municipio VALUES(32001,'Apozol');
INSERT INTO municipio VALUES(32002,'Apulco');
INSERT INTO municipio VALUES(32003,'Atolinga');
INSERT INTO municipio VALUES(32004,'Benito Juárez');
INSERT INTO municipio VALUES(32005,'Calera');
INSERT INTO municipio VALUES(32006,'Cañitas de Felipe Pescador');
INSERT INTO municipio VALUES(32007,'Concepción del Oro');
INSERT INTO municipio VALUES(32008,'Cuauhtémoc');
INSERT INTO municipio VALUES(32009,'Chalchihuites');
INSERT INTO municipio VALUES(32010,'Fresnillo');
INSERT INTO municipio VALUES(32011,'Trinidad García de la Cadena');
INSERT INTO municipio VALUES(32012,'Genaro Codina');
INSERT INTO municipio VALUES(32013,'General Enrique Estrada');
INSERT INTO municipio VALUES(32014,'General Francisco R. Murguía');
INSERT INTO municipio VALUES(32015,'El Plateado de Joaquín Amaro');
INSERT INTO municipio VALUES(32016,'General Pánfilo Natera');
INSERT INTO municipio VALUES(32017,'Guadalupe');
INSERT INTO municipio VALUES(32018,'Huanusco');
INSERT INTO municipio VALUES(32019,'Jalpa');
INSERT INTO municipio VALUES(32020,'Jerez');
INSERT INTO municipio VALUES(32021,'Jiménez del Teul');
INSERT INTO municipio VALUES(32022,'Juan Aldama');
INSERT INTO municipio VALUES(32023,'Juchipila');
INSERT INTO municipio VALUES(32024,'Loreto');
INSERT INTO municipio VALUES(32025,'Luis Moya');
INSERT INTO municipio VALUES(32026,'Mazapil');
INSERT INTO municipio VALUES(32027,'Melchor Ocampo');
INSERT INTO municipio VALUES(32028,'Mezquital del Oro');
INSERT INTO municipio VALUES(32029,'Miguel Auza');
INSERT INTO municipio VALUES(32030,'Momax');
INSERT INTO municipio VALUES(32031,'Monte Escobedo');
INSERT INTO municipio VALUES(32032,'Morelos');
INSERT INTO municipio VALUES(32033,'Moyahua de Estrada');
INSERT INTO municipio VALUES(32034,'Nochistlán de Mejía');
INSERT INTO municipio VALUES(32035,'Noria de Ángeles');
INSERT INTO municipio VALUES(32036,'Ojocaliente');
INSERT INTO municipio VALUES(32037,'Pánuco');
INSERT INTO municipio VALUES(32038,'Pinos');
INSERT INTO municipio VALUES(32039,'Río Grande');
INSERT INTO municipio VALUES(32040,'Sain Alto');
INSERT INTO municipio VALUES(32041,'El Salvador');
INSERT INTO municipio VALUES(32042,'Sombrerete');
INSERT INTO municipio VALUES(32043,'Susticacán');
INSERT INTO municipio VALUES(32044,'Tabasco');
INSERT INTO municipio VALUES(32045,'Tepechitlán');
INSERT INTO municipio VALUES(32046,'Tepetongo');
INSERT INTO municipio VALUES(32047,'Teúl de González Ortega');
INSERT INTO municipio VALUES(32048,'Tlaltenango de Sánchez Román');
INSERT INTO municipio VALUES(32049,'Valparaíso');
INSERT INTO municipio VALUES(32050,'Vetagrande');
INSERT INTO municipio VALUES(32051,'Villa de Cos');
INSERT INTO municipio VALUES(32052,'Villa García');
INSERT INTO municipio VALUES(32053,'Villa González Ortega');
INSERT INTO municipio VALUES(32054,'Villa Hidalgo');
INSERT INTO municipio VALUES(32055,'Villanueva');
INSERT INTO municipio VALUES(32056,'Zacatecas');
INSERT INTO municipio VALUES(32057,'Trancoso');
INSERT INTO municipio VALUES(32058,'Santa María de la Paz');

INSERT INTO periodoescolar VALUES (1,2017,1);
INSERT INTO periodoescolar VALUES (2,2018,2);
INSERT INTO periodoescolar VALUES (3,2018,1);
INSERT INTO periodoescolar VALUES (4,2019,2);
INSERT INTO periodoescolar VALUES (5,2019,1);
INSERT INTO periodoescolar VALUES (6,2020,1);

INSERT INTO carrera VALUES('COMP2005','Ingeniería en Computación');
INSERT INTO carrera VALUES('INGSW2010','Ingeniería de Software');
INSERT INTO carrera VALUES('INGEI2017','Ingeniería en Electrónica Industrial');

INSERT INTO profesor VALUES ('SORR710721S9A','Roberto','Solís','Robles','Av. Hidalgo 205','Centro','98000','4921234567','rsolis@uaz.,edu.mx',32,32056);
INSERT INTO profesor VALUES ('VARS780405J7B','Sodel','Vázquez','Reyes','Av. López Velarde 189','Centro','98000','4927775522','vazquezs@uaz.edu.mx',32,32056);

INSERT INTO materia VALUES('MAT101','ÁLGEBRA',1,'INGSW2010');
INSERT INTO materia VALUES('MAT201','ÁLGEBRA LINEAL',2,'INGSW2010');
INSERT INTO materia VALUES('MAT301','MATEMÁTICAS DISCRETAS',3,'INGSW2010');
INSERT INTO materia VALUES('CS201','PROGRAMACIÓN ORIENTADA A OBJETOS I',2,'INGSW2010');
INSERT INTO materia VALUES('CS202','LAB DE PROGRAMACIÓN ORIENTADA A OBJETOS I',2,'INGSW2010');
INSERT INTO materia VALUES('CS301','PROGRAMACIÓN ORIENTADA A OBJETOS II',3,'INGSW2010');
INSERT INTO materia VALUES('CS302','LAB PROGRAMACIÓN ORIENTADA A OBJETOS II',3,'INGSW2010');
INSERT INTO materia VALUES('IC501','SISTEMAS OPERATIVOS',5,'COMP2005');
INSERT INTO materia VALUES('IC601','COMPILADORES E INTERPRETADORES',6,'COMP2005');

INSERT INTO cargaprofesor VALUES (1,'SORR710721S9A','IC501',1);
INSERT INTO cargaprofesor VALUES (2,'SORR710721S9A','CS201',1);
INSERT INTO cargaprofesor VALUES (3,'SORR710721S9A','CS202',1);
INSERT INTO cargaprofesor VALUES (4,'SORR710721S9A','IC601',2);
INSERT INTO cargaprofesor VALUES (5,'SORR710721S9A','CS301',2);
INSERT INTO cargaprofesor VALUES (6,'SORR710721S9A','CS302',2);
INSERT INTO cargaprofesor VALUES (7,'VARS780405J7B','MAT101',1);
INSERT INTO cargaprofesor VALUES (8,'VARS780405J7B','MAT201',1);

INSERT INTO estudiante VALUES ('29807050','Mario','Moreno','Martínez','Av. Torreón 528','Centro','98000','4927654321','mmoreno@hotmail.com',32,32056);
INSERT INTO estudiante VALUES ('30116543','Laura','Villalobos','Sánchez','Abasolo 289','Centro','98600','4926664422','lvillal@gmail.com',32,32017);


INSERT INTO cargaestudiante VALUES (1,'29807050','CS202',1);
INSERT INTO cargaestudiante VALUES (2,'29807050','CS201',1);
INSERT INTO cargaestudiante VALUES (3,'30116543','IC501',1);
INSERT INTO cargaestudiante VALUES (4,'30116543','IC601',2);
